task,display_name,category,category_display_name,source,dimension,logged_samples,optimizer,global_minimum_objective,oracle_utility,query_count,recommendation_count,cumulative_simulated_cost,raw_max_utility,raw_median_utility,raw_mean_utility,refnorm_max_score,refnorm_median_score,refnorm_mean_score,regret,best_objective,median_objective,mean_objective,candidate_diversity,candidate_novelty
ackley,Ackley,many_local_minima,Many Local Minima,bayeso-benchmarks,2,256,best_logged,0.0,-0.0,0,64,0.0,-6.242062380182823,-18.405867958483633,-17.20585781549628,1.0,0.23629690159840178,0.3116393968737009,6.242062380182823,6.242062380182823,18.405867958483633,17.20585781549628,0.2858122343944184,0.0
ackley,Ackley,many_local_minima,Many Local Minima,bayeso-benchmarks,2,256,coms,0.0,-0.0,0,64,0.0,-5.711124182637267,-10.004249922148224,-9.072521147637566,1.0333348921038856,0.7637914989621009,0.8222899801638297,5.711124182637267,5.711124182637267,10.004249922148224,9.072521147637566,0.05265363640481464,0.0042099283063659655
ackley,Ackley,many_local_minima,Many Local Minima,bayeso-benchmarks,2,256,bdi,0.0,-0.0,0,64,0.0,-0.34594104324044084,-1.467285253467932,-1.7778025865854068,1.3701872826385384,1.2997838186722015,1.2802880245407777,0.34594104324044084,0.34594104324044084,1.467285253467932,1.7778025865854068,0.003977343504059556,0.030141211535197113
bukin6,Bukin N. 6,many_local_minima,Many Local Minima,bayeso-benchmarks,2,256,best_logged,0.0,-0.0,0,64,0.0,-7.014049276328485,-62.49505209878026,-58.87176422959254,1.0,0.7335452130699728,0.7509465278994855,7.014049276328485,7.014049276328485,62.49505209878026,58.87176422959254,0.37913730747048485,0.0
bukin6,Bukin N. 6,many_local_minima,Many Local Minima,bayeso-benchmarks,2,256,coms,0.0,-0.0,0,64,0.0,-9.371476554405563,-17.13050898146534,-16.704444272072255,0.9886781465523751,0.9514143764876648,0.9534606080909946,9.371476554405563,9.371476554405563,17.13050898146534,16.704444272072255,0.04000406960441132,0.019880381327831115
bukin6,Bukin N. 6,many_local_minima,Many Local Minima,bayeso-benchmarks,2,256,bdi,0.0,-0.0,0,64,0.0,-37.54397394364435,-60.969105635419936,-64.80153970383256,0.8533760357891825,0.7408737709380141,0.722468004077776,37.54397394364435,37.54397394364435,60.969105635419936,64.80153970383256,0.3518745252128358,0.03217862412220116
cross_in_tray,Cross-in-Tray,many_local_minima,Many Local Minima,local,2,256,best_logged,-2.0626118708,2.0626118708,0,64,0.0,2.055146053036294,1.8070895800362043,1.8184191349866254,1.0,0.810890681460581,0.8195279259965389,0.0074658177637059175,-2.055146053036294,-1.8070895800362043,-1.8184191349866254,0.3106646826348992,0.0
cross_in_tray,Cross-in-Tray,many_local_minima,Many Local Minima,local,2,256,coms,-2.0626118708,2.0626118708,0,64,0.0,2.060305402741688,2.0463663649525854,2.0354650382913104,1.003933302344798,0.9933066821017881,0.9849959033861342,0.002306468058312028,-2.060305402741688,-2.0463663649525854,-2.0354650382913104,0.06892621828745422,0.00535035570115613
cross_in_tray,Cross-in-Tray,many_local_minima,Many Local Minima,local,2,256,bdi,-2.0626118708,2.0626118708,0,64,0.0,1.9731162738306336,1.9322777943595542,1.9166834642922752,0.9374634515362318,0.9063296660334481,0.8944411105910718,0.08949559696936649,-1.9731162738306336,-1.9322777943595542,-1.9166834642922752,0.01011780490560379,0.022100716043286173
drop_wave,Drop-Wave,many_local_minima,Many Local Minima,bayeso-benchmarks,2,256,best_logged,-1.0,1.0,0,64,0.0,0.9019111856684706,0.2804364691285367,0.32636611461999454,1.0,0.3109184423651166,0.3618445232088867,0.09808881433152938,-0.9019111856684706,-0.2804364691285367,-0.32636611461999454,0.35439640982305715,0.0
drop_wave,Drop-Wave,many_local_minima,Many Local Minima,bayeso-benchmarks,2,256,coms,-1.0,1.0,0,64,0.0,0.9352652645918035,0.37231018297590185,0.4049379535383816,1.0369824870526172,0.41278659590177935,0.44896376347268635,0.06473473540819652,-0.9352652645918035,-0.37231018297590185,-0.4049379535383816,0.021306311377171577,0.01754388186909057
drop_wave,Drop-Wave,many_local_minima,Many Local Minima,bayeso-benchmarks,2,256,bdi,-1.0,1.0,0,64,0.0,0.9358734126055437,0.22198391193107866,0.2523266007409235,1.03765679216822,0.24610715062726793,0.279750654878458,0.06412658739445631,-0.9358734126055437,-0.22198391193107866,-0.2523266007409235,0.005788278578674742,0.05210144296002427
eggholder,Eggholder,many_local_minima,Many Local Minima,bayeso-benchmarks,2,256,best_logged,-959.6406627209,959.6406627209,0,64,0.0,877.0949647422369,314.0306426782232,359.5416916849621,1.0,0.6479422257357296,0.6763981551737932,82.54569797866304,-877.0949647422369,-314.0306426782232,-359.5416916849621,0.5755768585738656,0.0
eggholder,Eggholder,many_local_minima,Many Local Minima,bayeso-benchmarks,2,256,coms,-959.6406627209,959.6406627209,0,64,0.0,857.3589864522572,-44.96655819512189,39.42436670277026,0.9876600162407231,0.42347807385468705,0.4762437704606201,102.28167626864274,-857.3589864522572,44.96655819512189,-39.42436670277026,0.6683750215565519,0.03618986555521317
eggholder,Eggholder,many_local_minima,Many Local Minima,bayeso-benchmarks,2,256,bdi,-959.6406627209,959.6406627209,0,64,0.0,402.8215469874182,3.6171659272004906,-134.67463081946914,0.7034590235882725,0.4538552032690946,0.36738781356986894,556.8191157334818,-402.8215469874182,-3.6171659272004906,134.67463081946914,0.634796668681135,0.05598841058341031
gramacy_lee_2012,Gramacy & Lee (2012),many_local_minima,Many Local Minima,bayeso-benchmarks,1,256,best_logged,-0.869011135,0.869011135,0,64,0.0,0.836290201842928,0.34381219895367715,0.38751450544096744,1.0,0.916080030295562,0.9235270557767228,0.03272093315707203,-0.836290201842928,-0.34381219895367715,-0.38751450544096744,0.1894506494818929,0.0
gramacy_lee_2012,Gramacy & Lee (2012),many_local_minima,Many Local Minima,bayeso-benchmarks,1,256,coms,-0.869011135,0.869011135,0,64,0.0,0.4704739848760214,0.42187858024427,0.35340741182073654,0.9376636404770374,0.9293828140024617,0.9177150880410595,0.39853715012397867,-0.4704739848760214,-0.42187858024427,-0.35340741182073654,0.06694464137156804,0.002540314099486492
gramacy_lee_2012,Gramacy & Lee (2012),many_local_minima,Many Local Minima,bayeso-benchmarks,1,256,bdi,-0.869011135,0.869011135,0,64,0.0,0.8688876307579407,-0.5450481889266742,-0.014183596633591153,1.0055547156034208,0.7646151194066004,0.8550762978572709,0.00012350424205931354,-0.8688876307579407,0.5450481889266742,0.014183596633591153,0.03816786040330217,0.0013873735340660612
griewank,Griewank,many_local_minima,Many Local Minima,bayeso-benchmarks,2,256,best_logged,0.0,-0.0,0,64,0.0,-2.7525543179010796,-18.697727469930605,-17.67985542480887,1.0,0.9055392255470248,0.9115691996814855,2.7525543179010796,2.7525543179010796,18.697727469930605,17.67985542480887,0.2759097742608188,0.0
griewank,Griewank,many_local_minima,Many Local Minima,bayeso-benchmarks,2,256,coms,0.0,-0.0,0,64,0.0,-1.370083394584735,-36.72496635968318,-37.827090172899034,1.0081898937584481,0.7987440888282947,0.7922149989308805,1.370083394584735,1.370083394584735,36.72496635968318,37.827090172899034,0.3712534284857045,0.03519198896961519
griewank,Griewank,many_local_minima,Many Local Minima,bayeso-benchmarks,2,256,bdi,0.0,-0.0,0,64,0.0,-0.11660021267483145,-0.8066429359983853,-0.8551655377663409,1.0156156514468755,1.0115277704668884,1.0112403178003182,0.11660021267483145,0.11660021267483145,0.8066429359983853,0.8551655377663409,0.005726570217594035,0.07726153335395933
holder_table,Holder Table,many_local_minima,Many Local Minima,bayeso-benchmarks,2,256,best_logged,-19.2085025679,19.2085025679,0,64,0.0,18.92588105674492,4.326394749710268,5.653102462820254,1.0,0.22800507099132947,0.29815902060694643,0.28262151115507805,-18.92588105674492,-4.326394749710268,-5.653102462820254,0.6372693643583837,0.0
holder_table,Holder Table,many_local_minima,Many Local Minima,bayeso-benchmarks,2,256,coms,-19.2085025679,19.2085025679,0,64,0.0,18.90074713053009,16.394387739202003,14.718648830773212,0.9986709625821164,0.8661391255238341,0.7775290256584567,0.3077554373699094,-18.90074713053009,-16.394387739202003,-14.718648830773212,0.7812272454209659,0.03491686825051259
holder_table,Holder Table,many_local_minima,Many Local Minima,bayeso-benchmarks,2,256,bdi,-19.2085025679,19.2085025679,0,64,0.0,15.783996451488026,3.0899150252057144,4.9248982249780555,0.833862717373829,0.1626222173028673,0.2596528727142002,3.4245061164119726,-15.783996451488026,-3.0899150252057144,-4.9248982249780555,0.8030721563767792,0.061180881808650396
langermann,Langermann,many_local_minima,Many Local Minima,local,2,256,best_logged,-5.1621259,5.1621259,0,64,0.0,4.56433732271524,1.0651487175179057,1.2403546472638096,1.0,0.5901655441585181,0.610686137638664,0.59778857728476,-4.56433732271524,-1.0651487175179057,-1.2403546472638096,0.4649079623254025,0.0
langermann,Langermann,many_local_minima,Many Local Minima,local,2,256,coms,-5.1621259,5.1621259,0,64,0.0,2.8600089588089617,1.3698337870913135,0.9771381480074062,0.800384441536171,0.6258510855169267,0.5798575076582676,2.3021169411910387,-2.8600089588089617,-1.3698337870913135,-0.9771381480074062,0.507292280659744,0.022286727014958613
langermann,Langermann,many_local_minima,Many Local Minima,local,2,256,bdi,-5.1621259,5.1621259,0,64,0.0,2.029472431768265,0.5720437412545103,0.11164097571531861,0.703109751880795,0.5324117525168016,0.4784881324517359,3.1326534682317355,-2.029472431768265,-0.5720437412545103,-0.11164097571531861,0.38959461048463756,0.0321628057483166
levy,Levy,many_local_minima,Many Local Minima,bayeso-benchmarks,2,256,best_logged,0.0,-0.0,0,64,0.0,-0.009124173173340345,-2.7213905549429054,-2.7322914187616925,1.0,0.9670179689592311,0.9668854109511905,0.009124173173340345,0.009124173173340345,2.7213905549429054,2.7322914187616925,0.28447738439973974,0.0
levy,Levy,many_local_minima,Many Local Minima,bayeso-benchmarks,2,256,coms,0.0,-0.0,0,64,0.0,-0.08953834958706565,-0.12033545402195853,-0.8256996498540414,0.9990221377662525,0.9986476350768173,0.9900701797212696,0.08953834958706565,0.08953834958706565,0.12033545402195853,0.8256996498540414,0.0572730187285667,0.02115391210475482
levy,Levy,many_local_minima,Many Local Minima,bayeso-benchmarks,2,256,bdi,0.0,-0.0,0,64,0.0,-1.3195918608412278,-1.4966326770520366,-2.4891488791614726,0.9840642916775793,0.9819114184439635,0.9698421023891435,1.3195918608412278,1.3195918608412278,1.4966326770520366,2.4891488791614726,0.07105245414755362,0.04674379172940624
levy13,Levy N. 13,many_local_minima,Many Local Minima,local,2,256,best_logged,0.0,-0.0,0,64,0.0,-0.925139820284772,-22.90835690506332,-25.42217647049371,1.0,0.9370029344892737,0.9297991091694932,0.925139820284772,0.925139820284772,22.90835690506332,25.42217647049371,0.2706068777916373,0.0
levy13,Levy N. 13,many_local_minima,Many Local Minima,local,2,256,coms,0.0,-0.0,0,64,0.0,-0.0989940022019948,-0.5904317728389862,-0.6932777081442179,1.0023674770631823,1.0009591692021504,1.0006644447267041,0.0989940022019948,0.0989940022019948,0.5904317728389862,0.6932777081442179,0.008748500728268358,0.021814366154998002
levy13,Levy N. 13,many_local_minima,Many Local Minima,local,2,256,bdi,0.0,-0.0,0,64,0.0,-2.242125011346305,-3.848215605256569,-4.746419576095462,0.9962259298974303,0.9916233735941138,0.9890494002682483,2.242125011346305,2.242125011346305,3.848215605256569,4.746419576095462,0.027171142665005095,0.05023246220077279
rastrigin,Rastrigin,many_local_minima,Many Local Minima,bayeso-benchmarks,2,256,best_logged,0.0,-0.0,0,64,0.0,-1.6583795745232663,-18.543971328730265,-18.517055882391226,1.0,0.7540858739557116,0.7544778583504491,1.6583795745232663,1.6583795745232663,18.543971328730265,18.517055882391226,0.35585051482242225,0.0
rastrigin,Rastrigin,many_local_minima,Many Local Minima,bayeso-benchmarks,2,256,coms,0.0,-0.0,0,64,0.0,-1.3304049278642402,-1.9230129170123762,-2.089345963023602,1.0047764745098582,0.9961459996138913,0.9937236003140891,1.3304049278642402,1.3304049278642402,1.9230129170123762,2.089345963023602,0.0023547832780558505,0.008860966184181168
rastrigin,Rastrigin,many_local_minima,Many Local Minima,bayeso-benchmarks,2,256,bdi,0.0,-0.0,0,64,0.0,-3.6156870523408946,-4.098843229286792,-7.711625952775029,0.9714946585933212,0.964458190418201,0.9118432558060833,3.6156870523408946,3.6156870523408946,4.098843229286792,7.711625952775029,0.0378174515183498,0.011183272463590561
schaffer2,Schaffer N. 2,many_local_minima,Many Local Minima,local,2,256,best_logged,0.0,-0.0,0,64,0.0,-0.28720553450432,-0.4802185431313991,-0.4605917911745672,1.0,0.6634542396573457,0.6976762861782141,0.28720553450432,0.28720553450432,0.4802185431313991,0.4605917911745672,0.3937034385141392,0.0
schaffer2,Schaffer N. 2,many_local_minima,Many Local Minima,local,2,256,coms,0.0,-0.0,0,64,0.0,-0.017785852097631838,-0.5005274284886071,-0.494262000185839,1.4697717138953208,0.6280427960822703,0.6389674656007975,0.017785852097631838,0.017785852097631838,0.5005274284886071,0.494262000185839,0.5848245273986508,0.030339470864156077
schaffer2,Schaffer N. 2,many_local_minima,Many Local Minima,local,2,256,bdi,0.0,-0.0,0,64,0.0,-0.4644865350978751,-0.49784225107725455,-0.49870809736081123,0.690885243624486,0.6327247865863641,0.6312150598694336,0.4644865350978751,0.4644865350978751,0.49784225107725455,0.49870809736081123,0.3812625477044589,0.03087990275195726
schaffer4,Schaffer N. 4,many_local_minima,Many Local Minima,local,2,256,best_logged,0.292579,-0.292579,0,64,0.0,-0.35717680240888317,-0.4953703940751591,-0.4838393931914786,1.0,0.685732544060038,0.7119553107488645,0.06459780240888319,0.35717680240888317,0.4953703940751591,0.4838393931914786,0.4503326531109886,0.0
schaffer4,Schaffer N. 4,many_local_minima,Many Local Minima,local,2,256,coms,0.292579,-0.292579,0,64,0.0,-0.4968197889803883,-0.5006801305257904,-0.5011571756529786,0.6824364603268739,0.6736576182553647,0.6725727650672949,0.20424078898038833,0.4968197889803883,0.5006801305257904,0.5011571756529786,0.6528525927053935,0.027735198815361913
schaffer4,Schaffer N. 4,many_local_minima,Many Local Minima,local,2,256,bdi,0.292579,-0.292579,0,64,0.0,-0.4986806944805867,-0.5005953766614111,-0.5007845814244614,0.6782045561536013,0.6738503578825675,0.6734200854016328,0.20610169448058674,0.4986806944805867,0.5005953766614111,0.5007845814244614,0.707543420995195,0.024082601639817812
schwefel,Schwefel,many_local_minima,Many Local Minima,local,2,256,best_logged,0.0,-0.0,0,64,0.0,-226.93469407328507,-502.932697767583,-503.6464140194547,1.0,0.8065856518726734,0.806085492589795,226.93469407328507,226.93469407328507,502.932697767583,503.6464140194547,0.5339266433498195,0.0
schwefel,Schwefel,many_local_minima,Many Local Minima,local,2,256,coms,0.0,-0.0,0,64,0.0,-234.0365299653373,-825.1626131750131,-821.1499158750703,0.9950231634244355,0.5807728264122286,0.583584851217163,234.0365299653373,234.0365299653373,825.1626131750131,821.1499158750703,0.5858226374277928,0.030733410539099462
schwefel,Schwefel,many_local_minima,Many Local Minima,local,2,256,bdi,0.0,-0.0,0,64,0.0,-221.75945428271348,-945.4044883878988,-869.3133554594956,1.0036267132990015,0.4965095216034478,0.5498327945134863,221.75945428271348,221.75945428271348,945.4044883878988,869.3133554594956,0.515750629692081,0.03633817163477677
shubert,Shubert,many_local_minima,Many Local Minima,bayeso-benchmarks,2,256,best_logged,-186.7309088311,186.7309088311,0,64,0.0,143.33568369312903,13.116527875576704,23.560286474308768,1.0,0.5195688515884008,0.5581001022774492,43.39522513797098,-143.33568369312903,-13.116527875576704,-23.560286474308768,0.5180382737106894,0.0
shubert,Shubert,many_local_minima,Many Local Minima,bayeso-benchmarks,2,256,coms,-186.7309088311,186.7309088311,0,64,0.0,45.6202731225839,-1.5792788898714378,0.2923663167694261,0.6394883178040838,0.4653500749665397,0.4722553313429931,141.1106357085161,-45.6202731225839,1.5792788898714378,-0.2923663167694261,0.6701048485109861,0.051100240046193984
shubert,Shubert,many_local_minima,Many Local Minima,bayeso-benchmarks,2,256,bdi,-186.7309088311,186.7309088311,0,64,0.0,8.700830408866835,-1.2386587282722625,-11.851267928297048,0.5032775571805187,0.4666067605469509,0.4274525516780575,178.03007842223317,-8.700830408866835,1.2386587282722625,11.851267928297048,0.6752075096733604,0.04799906557862308
bohachevsky,Bohachevsky 1,bowl_shaped,Bowl-Shaped,bayeso-benchmarks,2,256,best_logged,0.0,-0.0,0,64,0.0,-67.60543949562808,-2765.111173749039,-2626.6717310073964,1.0,0.9034762385117237,0.9084299613461488,67.60543949562808,67.60543949562808,2765.111173749039,2626.6717310073964,0.28180196862155155,0.0
bohachevsky,Bohachevsky 1,bowl_shaped,Bowl-Shaped,bayeso-benchmarks,2,256,coms,0.0,-0.0,0,64,0.0,-42.217787829887605,-55.546921782030815,-82.14960957318364,1.0009084361167482,1.0004314850837606,0.9994795718185935,42.217787829887605,42.217787829887605,55.546921782030815,82.14960957318364,0.02226166927755321,0.009679936910814823
bohachevsky,Bohachevsky 1,bowl_shaped,Bowl-Shaped,bayeso-benchmarks,2,256,bdi,0.0,-0.0,0,64,0.0,-36.70014576070473,-38.90826465014533,-51.86018370652934,1.0011058716811294,1.0010268594520484,1.0005634061477833,36.70014576070473,36.70014576070473,38.90826465014533,51.86018370652934,0.009178781051778292,0.04088459590100419
perm0db,"Perm 0,d,beta",bowl_shaped,Bowl-Shaped,local,2,256,best_logged,0.0,-0.0,0,64,0.0,-3.344392174740319,-125.71852862542765,-131.77407481099146,1.0,0.9839107586948759,0.9831146007268634,3.344392174740319,3.344392174740319,125.71852862542765,131.77407481099146,0.27892695504788767,0.0
perm0db,"Perm 0,d,beta",bowl_shaped,Bowl-Shaped,local,2,256,coms,0.0,-0.0,0,64,0.0,-5.704327001967221,-12.657876969230298,-12.697247433098777,0.9996897256070532,0.9987755018454366,0.9987703255809754,5.704327001967221,5.704327001967221,12.657876969230298,12.697247433098777,0.16698852971687844,0.024243392111771057
perm0db,"Perm 0,d,beta",bowl_shaped,Bowl-Shaped,local,2,256,bdi,0.0,-0.0,0,64,0.0,-52.5195283041901,-68.81300582773753,-297.2461902990258,0.9935346581038562,0.9913924596035906,0.9613590168055078,52.5195283041901,52.5195283041901,68.81300582773753,297.2461902990258,0.10980225496573172,0.025809986606515123
rotated_hyper_ellipsoid,Rotated Hyper-Ellipsoid,bowl_shaped,Bowl-Shaped,local,2,256,best_logged,0.0,-0.0,0,64,0.0,-36.65299480602002,-610.6293280226223,-610.3495726295703,1.0,0.9725891492627903,0.9726025092793592,36.65299480602002,36.65299480602002,610.6293280226223,610.3495726295703,0.29426148700548427,0.0
rotated_hyper_ellipsoid,Rotated Hyper-Ellipsoid,bowl_shaped,Bowl-Shaped,local,2,256,coms,0.0,-0.0,0,64,0.0,-39.58968048171664,-166.12038481544005,-173.58889319344462,0.9998597554497282,0.9938171469840985,0.993460480416974,39.58968048171664,39.58968048171664,166.12038481544005,173.58889319344462,0.07338584293219501,0.0318499629234575
rotated_hyper_ellipsoid,Rotated Hyper-Ellipsoid,bowl_shaped,Bowl-Shaped,local,2,256,bdi,0.0,-0.0,0,64,0.0,-2.2593747403589077,-185.15608401504142,-208.76114201097334,1.001642503935047,0.9929080769070893,0.9917807922371036,2.2593747403589077,2.2593747403589077,185.15608401504142,208.76114201097334,0.200091200757504,0.033929042913975034
sphere,Sphere,bowl_shaped,Bowl-Shaped,bayeso-benchmarks,2,256,best_logged,0.0,-0.0,0,64,0.0,-0.07468635829890147,-5.088868911018283,-4.661994021642544,1.0,0.8912732489991091,0.9005295374005988,0.07468635829890147,0.07468635829890147,5.088868911018283,4.661994021642544,0.26982632902748654,0.0
sphere,Sphere,bowl_shaped,Bowl-Shaped,bayeso-benchmarks,2,256,coms,0.0,-0.0,0,64,0.0,-0.23163845593740007,-0.2602405948670139,-0.26966606639285473,0.9965966752387678,0.995976470927338,0.9957720904755132,0.23163845593740007,0.23163845593740007,0.2602405948670139,0.26966606639285473,0.003624392349964206,0.004235748174057348
sphere,Sphere,bowl_shaped,Bowl-Shaped,bayeso-benchmarks,2,256,bdi,0.0,-0.0,0,64,0.0,-0.00019397136316001706,-0.0008699765139681404,-0.0018266455622892863,1.0016152812787864,1.0016006228887229,1.0015798786265597,0.00019397136316001706,0.00019397136316001706,0.0008699765139681404,0.0018266455622892863,0.00325499658474112,0.023748335202873797
sum_different_powers,Sum of Different Powers,bowl_shaped,Bowl-Shaped,local,2,256,best_logged,0.0,-0.0,0,64,0.0,-0.004343676216267853,-0.08349441945287338,-0.09791875280982992,1.0,0.9534005158681165,0.9449082836300541,0.004343676216267853,0.004343676216267853,0.08349441945287338,0.09791875280982992,0.2514273145792593,0.0
sum_different_powers,Sum of Different Powers,bowl_shaped,Bowl-Shaped,local,2,256,coms,0.0,-0.0,0,64,0.0,-2.024331677099842e-05,-0.00013508884448571652,-0.0001399280649313806,1.002545392937033,1.002477778381218,1.0024749293217254,2.024331677099842e-05,2.024331677099842e-05,0.00013508884448571652,0.0001399280649313806,0.002195014466102011,0.05458067986336816
sum_different_powers,Sum of Different Powers,bowl_shaped,Bowl-Shaped,local,2,256,bdi,0.0,-0.0,0,64,0.0,-0.0006039520919338564,-0.0008109731387545066,-0.0011805443450885794,1.002201738200595,1.002079855908758,1.0018622732701,0.0006039520919338564,0.0006039520919338564,0.0008109731387545066,0.0011805443450885794,0.0095813638663791,0.051458036190525136
sum_squares,Sum Squares,bowl_shaped,Bowl-Shaped,local,2,256,best_logged,0.0,-0.0,0,64,0.0,-0.6807707879358611,-18.297938691653297,-20.15400049427901,1.0,0.9403653002676902,0.9340824692877552,0.6807707879358611,0.6807707879358611,18.297938691653297,20.15400049427901,0.24369844236702956,0.0
sum_squares,Sum Squares,bowl_shaped,Bowl-Shaped,local,2,256,coms,0.0,-0.0,0,64,0.0,-0.055823888332270144,-0.5572804080111382,-0.6389549530373557,1.002115466056189,1.0004180190463579,1.0001415479929496,0.055823888332270144,0.055823888332270144,0.5572804080111382,0.6389549530373557,0.014604720515129236,0.009578037768637797
sum_squares,Sum Squares,bowl_shaped,Bowl-Shaped,local,2,256,bdi,0.0,-0.0,0,64,0.0,-0.4885864931720789,-0.5309570474623797,-0.793438064680771,1.000650550234529,1.0005071244979746,0.9996186175181468,0.4885864931720789,0.4885864931720789,0.5309570474623797,0.793438064680771,0.015066772695335006,0.0277957927385706
trid,Trid,bowl_shaped,Bowl-Shaped,local,2,256,best_logged,-2.0,2.0,0,64,0.0,1.7773707139200159,-1.0008475166711535,-1.1414318950986306,1.0,0.9384242121080686,0.935308332379237,0.2226292860799841,-1.7773707139200159,1.0008475166711535,1.1414318950986306,0.3108025155732362,0.0
trid,Trid,bowl_shaped,Bowl-Shaped,local,2,256,coms,-2.0,2.0,0,64,0.0,1.6942994726559846,1.5432366885189595,1.5380057029110041,0.9981588281742342,0.99481070747876,0.9946947691206013,0.3057005273440154,-1.6942994726559846,-1.5432366885189595,-1.5380057029110041,0.0045672150376975746,0.030315931916617918
trid,Trid,bowl_shaped,Bowl-Shaped,local,2,256,bdi,-2.0,2.0,0,64,0.0,1.19600916699369,1.1311526400585308,0.6402833240460559,0.9871148368015557,0.9856773717018047,0.9747978574316065,0.8039908330063099,-1.19600916699369,-1.1311526400585308,-0.6402833240460559,0.0707413883564524,0.019006418108401896
booth,Booth,plate_shaped,Plate-Shaped,local,2,256,best_logged,0.0,-0.0,0,64,0.0,-0.5160096234200733,-42.161695820613076,-44.45990809596813,1.0,0.9827491019434487,0.9817971131711485,0.5160096234200733,0.5160096234200733,42.161695820613076,44.45990809596813,0.30228035446953777,0.0
booth,Booth,plate_shaped,Plate-Shaped,local,2,256,coms,0.0,-0.0,0,64,0.0,-0.6055222336481165,-2.1326310835020195,-5.348641921798418,0.9999629211797229,0.9993303466805216,0.9979981780890972,0.6055222336481165,0.6055222336481165,2.1326310835020195,5.348641921798418,0.12315729370077855,0.023544057408880548
booth,Booth,plate_shaped,Plate-Shaped,local,2,256,bdi,0.0,-0.0,0,64,0.0,-38.75135666435108,-65.31941555257117,-96.26634415126547,0.984161767179516,0.9731564766610462,0.960337326367986,38.75135666435108,38.75135666435108,65.31941555257117,96.26634415126547,0.21581155773807462,0.028532165937320126
matyas,Matyas,plate_shaped,Plate-Shaped,local,2,256,best_logged,0.0,-0.0,0,64,0.0,-0.038298213138329186,-1.6360338915500137,-1.4969366840130798,1.0,0.9811017007747596,0.9827469670631369,0.038298213138329186,0.038298213138329186,1.6360338915500137,1.4969366840130798,0.3782021528637658,0.0
matyas,Matyas,plate_shaped,Plate-Shaped,local,2,256,coms,0.0,-0.0,0,64,0.0,-0.2402089339598206,-0.8390860723223348,-0.8437709354278233,0.9976117644048221,0.9905281400526504,0.9904727266660727,0.2402089339598206,0.2402089339598206,0.8390860723223348,0.8437709354278233,0.3401508313292122,0.025422605260107284
matyas,Matyas,plate_shaped,Plate-Shaped,local,2,256,bdi,0.0,-0.0,0,64,0.0,-0.01726268950051238,-0.7402600754646036,-0.7760321656820648,1.0002488118813635,0.9916970713628073,0.9912739527744348,0.01726268950051238,0.01726268950051238,0.7402600754646036,0.7760321656820648,0.2885259410213471,0.02448266795845964
mccormick,McCormick,plate_shaped,Plate-Shaped,local,2,256,best_logged,-1.9133,1.9133,0,64,0.0,1.8040535975566665,0.16712832758121865,0.0015138873619944052,1.0,0.959923487482897,0.9558687824159038,0.1092464024433335,-1.8040535975566665,-0.16712832758121865,-0.0015138873619944052,0.3279279787423495,0.0
mccormick,McCormick,plate_shaped,Plate-Shaped,local,2,256,coms,-1.9133,1.9133,0,64,0.0,1.7082327735265213,1.5015829664445395,1.2081577923736475,0.9976540380162248,0.9925946723065721,0.9854108027206003,0.20506722647347875,-1.7082327735265213,-1.5015829664445395,-1.2081577923736475,0.20914873280932708,0.04003741544865244
mccormick,McCormick,plate_shaped,Plate-Shaped,local,2,256,bdi,-1.9133,1.9133,0,64,0.0,1.5470743256684112,1.2733053349678123,0.018361545893008535,0.9937084281149743,0.9870057969174172,0.956281260254927,0.3662256743315888,-1.5470743256684112,-1.2733053349678123,-0.018361545893008535,0.19358449432734195,0.03942381946153088
power_sum,Power Sum,plate_shaped,Plate-Shaped,local,4,256,best_logged,0.0,-0.0,0,64,0.0,-3.769888385599451,-783.5655607646081,-958.5591414066419,1.0,0.9970847221963125,0.9964305060734184,3.769888385599451,3.769888385599451,783.5655607646081,958.5591414066419,0.6491170415047947,0.0
power_sum,Power Sum,plate_shaped,Plate-Shaped,local,4,256,coms,0.0,-0.0,0,64,0.0,-9.906584223948729,-105.53730744083587,-691.5351840331108,0.9999770578706715,0.9996195409792348,0.9974287791384752,9.906584223948729,9.906584223948729,105.53730744083587,691.5351840331108,0.5345448205727481,0.15231157118556304
power_sum,Power Sum,plate_shaped,Plate-Shaped,local,4,256,bdi,0.0,-0.0,0,64,0.0,-1126.695679801508,-7006.683069508589,-7033.569391382223,0.9958019251056938,0.9738195041583204,0.9737189892411988,1126.695679801508,1126.695679801508,7006.683069508589,7033.569391382223,0.552742192799479,0.1607140003370366
zakharov,Zakharov,plate_shaped,Plate-Shaped,bayeso-benchmarks,2,256,best_logged,0.0,-0.0,0,64,0.0,-0.0907584417463108,-21.46449491922959,-25.69111310043099,1.0,0.9994809150648301,0.9993782669468051,0.0907584417463108,0.0907584417463108,21.46449491922959,25.69111310043099,0.32117711955439754,0.0
zakharov,Zakharov,plate_shaped,Plate-Shaped,bayeso-benchmarks,2,256,coms,0.0,-0.0,0,64,0.0,-2.1386779076858025,-20.543994547408996,-35.41220666600612,0.9999502640006659,0.9995032704389751,0.9991421793900701,2.1386779076858025,2.1386779076858025,20.543994547408996,35.41220666600612,0.317683429089239,0.0398966188335282
zakharov,Zakharov,plate_shaped,Plate-Shaped,bayeso-benchmarks,2,256,bdi,0.0,-0.0,0,64,0.0,-73.88324617160258,-158.80114333269756,-301.9810679515974,0.9982078674568844,0.9961455419861337,0.9926682584532932,73.88324617160258,73.88324617160258,158.80114333269756,301.9810679515974,0.14901043375499307,0.026122473558462384
three_hump_camel,Three-Hump Camel,valley_shaped,Valley-Shaped,bayeso-benchmarks,2,256,best_logged,0.0,-0.0,0,64,0.0,-0.12868190474699942,-2.625464029422673,-3.5797269740405975,1.0,0.9987263074863255,0.9982395058721099,0.12868190474699942,0.12868190474699942,2.625464029422673,3.5797269740405975,0.27525672415011565,0.0
three_hump_camel,Three-Hump Camel,valley_shaped,Valley-Shaped,bayeso-benchmarks,2,256,coms,0.0,-0.0,0,64,0.0,-0.1861506027132301,-1.313807937452064,-2.577460026893001,0.9999706832848382,0.9993954273620037,0.9987507959421039,0.1861506027132301,0.1861506027132301,1.313807937452064,2.577460026893001,0.22019206239328135,0.03939930751788689
three_hump_camel,Three-Hump Camel,valley_shaped,Valley-Shaped,bayeso-benchmarks,2,256,bdi,0.0,-0.0,0,64,0.0,-0.5466266444255172,-1.134205245042221,-1.4804712769431512,0.9997867923353035,0.9994870487343683,0.9993104067886361,0.5466266444255172,0.5466266444255172,1.134205245042221,1.4804712769431512,0.17544204303353214,0.026660130177075053
six_hump_camel,Six-Hump Camel,valley_shaped,Valley-Shaped,bayeso-benchmarks,2,256,best_logged,-1.0316284535,1.0316284535,0,64,0.0,1.022171544463635,-0.7035911951150994,-0.8053351289777948,1.0,0.9854520978913922,0.984594412906062,0.00945690903636498,-1.022171544463635,0.7035911951150994,0.8053351289777948,0.2985927786151025,0.0
six_hump_camel,Six-Hump Camel,valley_shaped,Valley-Shaped,bayeso-benchmarks,2,256,coms,-1.0316284535,1.0316284535,0,64,0.0,0.0008351996745272249,-0.027610692418808896,-0.69617743900213,0.9913902990120286,0.9911505047204524,0.9855145946620751,1.0307932538254727,-0.0008351996745272249,0.027610692418808896,0.69617743900213,0.10848127215143638,0.03145420846335401
six_hump_camel,Six-Hump Camel,valley_shaped,Valley-Shaped,bayeso-benchmarks,2,256,bdi,-1.0316284535,1.0316284535,0,64,0.0,1.029532520468824,-1.1312888904938643,-0.9994689763979134,1.00006205184287,0.9818466751633721,0.9829578958209123,0.002095933031176056,-1.029532520468824,1.1312888904938643,0.9994689763979134,0.2075089443027925,0.03634348178658603
dixon_price,Dixon-Price,valley_shaped,Valley-Shaped,local,2,256,best_logged,0.0,-0.0,0,64,0.0,-0.6957324615364736,-67.06279991165411,-79.66570927592339,1.0,0.9992102044950825,0.9990602246700394,0.6957324615364736,0.6957324615364736,67.06279991165411,79.66570927592339,0.31904330693143257,0.0
dixon_price,Dixon-Price,valley_shaped,Valley-Shaped,local,2,256,coms,0.0,-0.0,0,64,0.0,-4.403899854155054,-108.48020639729339,-131.4333458542098,0.9999558712769647,0.9987173202570937,0.9984441684204476,4.403899854155054,4.403899854155054,108.48020639729339,131.4333458542098,0.32499697989860743,0.03365645492013911
dixon_price,Dixon-Price,valley_shaped,Valley-Shaped,local,2,256,bdi,0.0,-0.0,0,64,0.0,-7.032206175563026,-58.62857916800248,-201.04462334222364,0.99992459334654,0.9993105752043326,0.9976157654765789,7.032206175563026,7.032206175563026,58.62857916800248,201.04462334222364,0.17684974751215785,0.024888455455791297
rosenbrock,Rosenbrock,valley_shaped,Valley-Shaped,bayeso-benchmarks,2,256,best_logged,0.0,-0.0,0,64,0.0,-0.4502247575173953,-13.559734168631183,-23.72846908741298,1.0,0.9961691647430012,0.9931976768692506,0.4502247575173953,0.4502247575173953,13.559734168631183,23.72846908741298,0.3454411691165521,0.0
rosenbrock,Rosenbrock,valley_shaped,Valley-Shaped,bayeso-benchmarks,2,256,coms,0.0,-0.0,0,64,0.0,-0.00825355146359028,-2.334728095422277,-3.320101174840132,1.0001291519633293,0.9994493141121927,0.9991613703138739,0.00825355146359028,0.00825355146359028,2.334728095422277,3.320101174840132,0.24117942783342128,0.036515469671028096
rosenbrock,Rosenbrock,valley_shaped,Valley-Shaped,bayeso-benchmarks,2,256,bdi,0.0,-0.0,0,64,0.0,-0.23211047254935346,-36.09970633596937,-69.12756807768676,1.0000637369307048,0.9895825780628613,0.9799312407583404,0.23211047254935346,0.23211047254935346,36.09970633596937,69.12756807768676,0.2765812740401799,0.022691778789335586
dejong5,De Jong N. 5,steep_ridges_drops,Steep Ridges/Drops,bayeso-benchmarks,2,256,best_logged,0.9980038378,-0.9980038378,0,64,0.0,-7.883746877934618,-480.2859933748359,-404.0840199789841,1.0,0.04005919382436592,0.19490473978911835,6.885743040134618,7.883746877934618,480.2859933748359,404.0840199789841,0.32026667085817506,0.0
dejong5,De Jong N. 5,steep_ridges_drops,Steep Ridges/Drops,bayeso-benchmarks,2,256,coms,0.9980038378,-0.9980038378,0,64,0.0,-43.26402878029709,-438.7817507097009,-411.5970056848356,0.9281058111303927,0.1243975229900809,0.17963804364458927,42.26602494249709,43.26402878029709,438.7817507097009,411.5970056848356,0.1303779016256291,0.024376760956155603
dejong5,De Jong N. 5,steep_ridges_drops,Steep Ridges/Drops,bayeso-benchmarks,2,256,bdi,0.9980038378,-0.9980038378,0,64,0.0,-462.06224232498397,-497.05223220359795,-496.5135101795855,0.0770906059399171,0.005989506524687485,0.007084211848106079,461.06423848718396,462.06224232498397,497.05223220359795,496.5135101795855,0.01519500000930403,0.02659127135161171
easom,Easom,steep_ridges_drops,Steep Ridges/Drops,bayeso-benchmarks,2,256,best_logged,-1.0,1.0,0,64,0.0,6.552055040942848e-65,0.0,1.02375860014732e-66,0.0,0.0,0.0,1.0,-6.552055040942848e-65,-0.0,-1.02375860014732e-66,0.48660374911477294,0.0
easom,Easom,steep_ridges_drops,Steep Ridges/Drops,bayeso-benchmarks,2,256,coms,-1.0,1.0,0,64,0.0,1.827476500898259e-43,0.0,-1.2897970953025565e-40,0.0,0.0,0.0,1.0,-1.827476500898259e-43,-0.0,1.2897970953025565e-40,0.571604254135768,0.03823403875958273
easom,Easom,steep_ridges_drops,Steep Ridges/Drops,bayeso-benchmarks,2,256,bdi,-1.0,1.0,0,64,0.0,0.0,0.0,0.0,0.0,0.0,0.0,1.0,-0.0,-0.0,-0.0,0.4976060560855449,0.023313956260250165
michalewicz,Michalewicz,steep_ridges_drops,Steep Ridges/Drops,bayeso-benchmarks,2,256,best_logged,-1.8013034101,1.8013034101,0,64,0.0,1.4717412158791983,0.7568543053613594,0.7609822872954018,1.0,0.5142577357998532,0.5170625644541736,0.3295621942208018,-1.4717412158791983,-0.7568543053613594,-0.7609822872954018,0.4071531633248502,0.0
michalewicz,Michalewicz,steep_ridges_drops,Steep Ridges/Drops,bayeso-benchmarks,2,256,coms,-1.8013034101,1.8013034101,0,64,0.0,1.7671226998936516,1.7477626122740488,1.544088069132986,1.200702053341624,1.1875475072769224,1.0491573195567323,0.0341807102063485,-1.7671226998936516,-1.7477626122740488,-1.544088069132986,0.26068515406866677,0.03496117071634225
michalewicz,Michalewicz,steep_ridges_drops,Steep Ridges/Drops,bayeso-benchmarks,2,256,bdi,-1.8013034101,1.8013034101,0,64,0.0,1.573522179666682,1.5160606615786567,1.243017590108812,1.069156834563936,1.0301136131959059,0.8445897802530795,0.227781230433318,-1.573522179666682,-1.5160606615786567,-1.243017590108812,0.283615991311986,0.03473950566565431
beale,Beale,other,Other,bayeso-benchmarks,2,256,best_logged,0.0,-0.0,0,64,0.0,-0.019346738077324625,-11.938430549949176,-13.892973222016774,1.0,0.9999179575339425,0.9999045038571867,0.019346738077324625,0.019346738077324625,11.938430549949176,13.892973222016774,0.35711894046235876,0.0
beale,Beale,other,Other,bayeso-benchmarks,2,256,coms,0.0,-0.0,0,64,0.0,-5.104391667178087,-14.72613670850553,-21.696583433085927,0.9999649981800128,0.9998987689543921,0.9998507893740962,5.104391667178087,5.104391667178087,14.72613670850553,21.696583433085927,0.40241502670084667,0.030579207931362998
beale,Beale,other,Other,bayeso-benchmarks,2,256,bdi,0.0,-0.0,0,64,0.0,-2.4551241888080995,-113.99722955602559,-144.301102870597,0.9999832338464955,0.9992154576031184,0.9990068673677391,2.4551241888080995,2.4551241888080995,113.99722955602559,144.301102870597,0.3142396043111664,0.02353247805241092
branin,Branin,other,Other,bayeso-benchmarks,2,256,best_logged,0.3978873577,-0.3978873577,0,64,0.0,-0.4352758454480501,-11.035848021892459,-10.731504101214984,1.0,0.9622531580769136,0.9633368752265965,0.03738848774805009,0.4352758454480501,11.035848021892459,10.731504101214984,0.46307608974978565,0.0
branin,Branin,other,Other,bayeso-benchmarks,2,256,coms,0.3978873577,-0.3978873577,0,64,0.0,-0.5259859179714041,-1.8034599463324117,-2.16152502886159,0.9996769967968353,0.9951281281691077,0.9938531190617275,0.12809856027140415,0.5259859179714041,1.8034599463324117,2.16152502886159,0.5580499322240792,0.02756599056430955
branin,Branin,other,Other,bayeso-benchmarks,2,256,bdi,0.3978873577,-0.3978873577,0,64,0.0,-0.4116144510630999,-5.043444189478997,-7.388701512263907,1.0000842542174766,0.9835910930898968,0.9752400290191442,0.013727093363099907,0.4116144510630999,5.043444189478997,7.388701512263907,0.4701058099435635,0.03302532695519973
colville,Colville,other,Other,bayeso-benchmarks,4,256,best_logged,0.0,-0.0,0,64,0.0,-404.0191149571297,-16521.139726682155,-27151.171281398827,1.0,0.9900015139061411,0.9834070219222694,404.0191149571297,404.0191149571297,16521.139726682155,27151.171281398827,0.5929455784182376,0.0
colville,Colville,other,Other,bayeso-benchmarks,4,256,coms,0.0,-0.0,0,64,0.0,-1458.7443689091099,-6238.194620505543,-7301.588052011573,0.9993456861161163,0.996380685851608,0.9957209945399056,1458.7443689091099,1458.7443689091099,6238.194620505543,7301.588052011573,0.4550883142496549,0.1537119533465286
colville,Colville,other,Other,bayeso-benchmarks,4,256,bdi,0.0,-0.0,0,64,0.0,-40.20992500910931,-6289.407230430639,-14934.734449074846,1.0002256942300145,0.996348915377185,0.9909856630906947,40.20992500910931,40.20992500910931,6289.407230430639,14934.734449074846,0.5071635687975046,0.1495083108608316
forrester,Forrester et al. (2008),other,Other,local,1,256,best_logged,-6.0207400558,6.0207400558,0,64,0.0,5.99909065849468,4.07722285505557,3.6425422128941918,1.0,0.9116992515741432,0.8917277290998097,0.021649397305320228,-5.99909065849468,-4.07722285505557,-3.6425422128941918,0.24545498884765024,0.0
forrester,Forrester et al. (2008),other,Other,local,1,256,coms,-6.0207400558,6.0207400558,0,64,0.0,4.306047814994052,4.100963581147628,4.081106741032228,0.9222126777239166,0.9127900258086408,0.9118776977908526,1.714692240805948,-4.306047814994052,-4.100963581147628,-4.081106741032228,0.0013736410450840752,0.0005013648865725192
forrester,Forrester et al. (2008),other,Other,local,1,256,bdi,-6.0207400558,6.0207400558,0,64,0.0,5.975774717358815,5.968852174237838,4.384973928895235,0.9989287426279447,0.9986106844672851,0.9258389598830473,0.04496533844118478,-5.975774717358815,-5.968852174237838,-4.384973928895235,0.2386363827085699,0.0056056997154697065
goldstein_price,Goldstein-Price,other,Other,bayeso-benchmarks,2,256,best_logged,2.9999999999,-2.9999999999,0,64,0.0,-4.072830468280117,-463.73805768146053,-539.8286533662097,1.0,0.9994132471146098,0.9993161190876765,1.0728304683801166,4.072830468280117,463.73805768146053,539.8286533662097,0.3247731746694638,0.0
goldstein_price,Goldstein-Price,other,Other,bayeso-benchmarks,2,256,coms,2.9999999999,-2.9999999999,0,64,0.0,-40.34402516065866,-292.56133986174615,-546.5115977448028,0.9999537005914689,0.9996317505539526,0.9993075884513244,37.34402516075866,40.34402516065866,292.56133986174615,546.5115977448028,0.25155226128905894,0.04369911034229601
goldstein_price,Goldstein-Price,other,Other,bayeso-benchmarks,2,256,bdi,2.9999999999,-2.9999999999,0,64,0.0,-349.05759095728854,-3490.9815021933236,-6947.068287330461,0.9995596342911127,0.9955490352476063,0.991137413977856,346.0575909573885,349.05759095728854,3490.9815021933236,6947.068287330461,0.23878677173268867,0.032613235510255995
hartmann3,Hartmann 3-D,other,Other,bayeso-benchmarks,3,256,best_logged,-3.8627797874,3.8627797874,0,64,0.0,3.6188557052250334,2.3761379589746623,2.4408865271084936,1.0,0.6565818377592553,0.6744747457372187,0.24392408217496664,-3.6188557052250334,-2.3761379589746623,-2.4408865271084936,0.4553437946030665,0.0
hartmann3,Hartmann 3-D,other,Other,bayeso-benchmarks,3,256,coms,-3.8627797874,3.8627797874,0,64,0.0,3.455487684046162,2.4339188876274633,2.5209760540059314,0.9548541527056846,0.6725492771801378,0.6966070426524569,0.4072921033538379,-3.455487684046162,-2.4339188876274633,-2.5209760540059314,0.1937181613605882,0.10182892807985348
hartmann3,Hartmann 3-D,other,Other,bayeso-benchmarks,3,256,bdi,-3.8627797874,3.8627797874,0,64,0.0,3.750773183189156,3.65520612648434,3.308116261996865,1.0364546639706116,1.0100452374670064,0.914128876930329,0.11200660421084407,-3.750773183189156,-3.65520612648434,-3.308116261996865,0.35930740926609744,0.09875816265029383
hartmann4,Hartmann 4-D,other,Other,local,4,256,best_logged,-3.135474,3.135474,0,64,0.0,2.6860655431963263,1.190813369279849,1.3187242880671475,1.0,0.6244036201612576,0.6565339048559918,0.4494084568036736,-2.6860655431963263,-1.190813369279849,-1.3187242880671475,0.656102218697748,0.0
hartmann4,Hartmann 4-D,other,Other,local,4,256,coms,-3.135474,3.135474,0,64,0.0,2.861675643835405,2.4643877115251245,2.5272850871774253,1.0441119693478802,0.944316154479735,0.9601155139513109,0.2737983561645949,-2.861675643835405,-2.4643877115251245,-2.5272850871774253,0.14787178323004715,0.17337738093528404
hartmann4,Hartmann 4-D,other,Other,local,4,256,bdi,-3.135474,3.135474,0,64,0.0,3.0331644595518124,2.208480842033767,2.150601394470865,1.0871887021488815,0.8800342256964043,0.8654953329591671,0.10230954044818752,-3.0331644595518124,-2.208480842033767,-2.150601394470865,0.5192435290389108,0.18082111820399252
hartmann6,Hartmann 6-D,other,Other,bayeso-benchmarks,6,256,best_logged,-3.3223680115,3.3223680115,0,64,0.0,2.5918916500182467,0.7193945047882513,0.8525721412711331,1.0,0.27754178203697644,0.3289251863700881,0.7304763614817533,-2.5918916500182467,-0.7193945047882513,-0.8525721412711331,0.854220847451776,0.0
hartmann6,Hartmann 6-D,other,Other,bayeso-benchmarks,6,256,coms,-3.3223680115,3.3223680115,0,64,0.0,2.9542238786913084,1.2779805250646947,1.6095404647861207,1.1397972204681563,0.4930588319913617,0.6209833010936346,0.3681441328086916,-2.9542238786913084,-1.2779805250646947,-1.6095404647861207,0.715200261031353,0.32372931407330596
hartmann6,Hartmann 6-D,other,Other,bayeso-benchmarks,6,256,bdi,-3.3223680115,3.3223680115,0,64,0.0,2.0188158879799674,0.9203866614744955,1.001233561952364,0.7788924299005415,0.35508979630978493,0.3862826383367353,1.3035521235200327,-2.0188158879799674,-0.9203866614744955,-1.001233561952364,0.8288300546940607,0.4458922544399363
permdb,"Perm d,beta",other,Other,local,2,256,best_logged,0.0,-0.0,0,64,0.0,-0.025455775123075876,-7.691009488891949,-8.044101884102647,1.0,0.9126836861161088,0.9086617031568278,0.025455775123075876,0.025455775123075876,7.691009488891949,8.044101884102647,0.4810786170050806,0.0
permdb,"Perm d,beta",other,Other,local,2,256,coms,0.0,-0.0,0,64,0.0,-0.054870515667601844,-0.7271342066622175,-0.6720814326016823,0.9996649443974822,0.992007364834744,0.9926344565595614,0.054870515667601844,0.054870515667601844,0.7271342066622175,0.6720814326016823,0.20298881265403926,0.0703455771872995
permdb,"Perm d,beta",other,Other,local,2,256,bdi,0.0,-0.0,0,64,0.0,-0.00892204389303283,-0.8173242353005246,-3.8352674936199636,1.0001883314003999,0.9909800338494253,0.9566034329322773,0.00892204389303283,0.00892204389303283,0.8173242353005246,3.8352674936199636,0.41094813553281273,0.03430218287850505
powell,Powell,other,Other,local,4,256,best_logged,0.0,-0.0,0,64,0.0,-39.37917700699235,-612.5943910715864,-656.5321994896528,1.0,0.9879808353105258,0.9870595482572276,39.37917700699235,39.37917700699235,612.5943910715864,656.5321994896528,0.592601143465854,0.0
powell,Powell,other,Other,local,4,256,coms,0.0,-0.0,0,64,0.0,-58.98970387839522,-230.77972135490052,-284.1284630001411,0.9995888068803279,0.9959867173659609,0.9948681020604395,58.98970387839522,58.98970387839522,230.77972135490052,284.1284630001411,0.4917778614020262,0.1597512752494113
powell,Powell,other,Other,local,4,256,bdi,0.0,-0.0,0,64,0.0,-9.452258516856292,-64.0641497883315,-149.81914116773646,1.000627507004622,0.9994824060040027,0.9976842971278881,9.452258516856292,9.452258516856292,64.0641497883315,149.81914116773646,0.44003901925501676,0.1555623571159826
shekel,Shekel,other,Other,local,4,256,best_logged,-10.5364,10.5364,0,64,0.0,0.9705250983208646,0.48161572268433556,0.5364095700592852,1.0,0.4309767301155505,0.4947492322530893,9.565874901679136,-0.9705250983208646,-0.48161572268433556,-0.5364095700592852,0.5683942859082632,0.0
shekel,Shekel,other,Other,local,4,256,coms,-10.5364,10.5364,0,64,0.0,1.0687157959165328,1.023917763453701,1.0108684134791543,1.1142804671016575,1.0621417187227733,1.0469540701269253,9.467684204083469,-1.0687157959165328,-1.023917763453701,-1.0108684134791543,0.09889888523255798,0.023876748324864444
shekel,Shekel,other,Other,local,4,256,bdi,-10.5364,10.5364,0,64,0.0,1.4024185931610182,0.9397890645892164,0.9201858757534565,1.5026646264572163,0.9642274840925459,0.9414120684606329,9.133981406838982,-1.4024185931610182,-0.9397890645892164,-0.9201858757534565,0.16621750917407072,0.1548096966156896
styblinski_tang,Styblinski-Tang,other,Other,local,2,256,best_logged,-78.3323314075,78.3323314075,0,64,0.0,76.65629995026362,52.01614973887709,53.12520689336023,1.0,0.8859250540804667,0.8910595858846142,1.676031457236391,-76.65629995026362,-52.01614973887709,-53.12520689336023,0.4429450603331715,0.0
styblinski_tang,Styblinski-Tang,other,Other,local,2,256,coms,-78.3323314075,78.3323314075,0,64,0.0,76.73304083136594,63.81418364280846,66.55485120468717,1.0003552824064166,0.9405456658868773,0.953233961259373,1.5992905761340666,-76.73304083136594,-63.81418364280846,-66.55485120468717,0.44838207640647126,0.008963525659662411
styblinski_tang,Styblinski-Tang,other,Other,local,2,256,bdi,-78.3323314075,78.3323314075,0,64,0.0,76.0428500333078,50.92436895459183,55.700791344007555,0.9971599496958936,0.8808705055953777,0.9029836064120139,2.2894813741922064,-76.0428500333078,-50.92436895459183,-55.700791344007555,0.31882060921755623,0.030140642868039545
